filename,functions,first_line,first_byte,last_line,last_byte,first_column,last_column,first_parsed,last_parsed,value
R/build_o_matrix.R,build_o_matrix,10,3,10,73,3,73,20,20,1342
R/build_o_matrix.R,build_o_matrix,13,7,13,22,7,22,13,13,1341
R/build_o_matrix.R,build_o_matrix,14,5,14,19,5,19,24,24,1
R/build_o_matrix.R,build_o_matrix,16,5,16,48,5,48,26,26,1340
R/build_o_matrix.R,build_o_matrix,17,5,17,27,5,27,27,27,1340
R/build_o_matrix.R,build_o_matrix,18,5,18,39,5,39,28,28,1340
R/build_o_matrix.R,build_o_matrix,19,5,19,32,5,32,29,29,1340
R/build_o_matrix.R,build_o_matrix,20,5,20,20,5,20,30,30,1340
R/build_o_matrix.R,build_o_matrix,21,5,21,27,5,27,31,31,1340
R/build_o_matrix.R,build_o_matrix,22,5,22,9,5,9,32,32,1340
R/env_data_array.R,env_data_array,19,3,19,85,3,85,68,68,8
R/env_data_array.R,env_data_array,20,3,20,72,3,72,69,69,7
R/env_data_array.R,env_data_array,23,7,23,19,7,19,23,23,7
R/env_data_array.R,env_data_array,25,5,26,81,5,81,74,75,3
R/env_data_array.R,env_data_array,27,5,27,62,5,62,76,76,2
R/env_data_array.R,env_data_array,29,9,29,29,9,29,29,29,2
R/env_data_array.R,env_data_array,30,7,35,7,7,7,79,84,1
R/env_data_array.R,env_data_array,36,7,36,49,7,49,85,85,1
R/env_data_array.R,env_data_array,38,7,40,18,7,18,87,89,1
R/env_data_array.R,env_data_array,39,9,39,56,9,56,88,88,2
R/env_data_array.R,env_data_array,41,7,43,24,7,24,90,92,1
R/env_data_array.R,env_data_array,42,9,42,72,9,72,91,91,2
R/env_data_array.R,env_data_array,44,7,44,58,7,58,93,93,1
R/env_data_array.R,env_data_array,45,7,45,54,7,54,94,94,1
R/env_data_array.R,env_data_array,50,9,50,29,9,29,50,50,4
R/env_data_array.R,env_data_array,51,7,51,59,7,59,100,100,1
R/env_data_array.R,env_data_array,52,7,52,49,7,49,101,101,1
R/env_data_array.R,env_data_array,54,7,56,18,7,18,103,105,3
R/env_data_array.R,env_data_array,55,9,55,42,9,42,104,104,6
R/env_data_array.R,env_data_array,57,7,59,24,7,24,106,108,3
R/env_data_array.R,env_data_array,58,9,58,72,9,72,107,107,6
R/env_data_array.R,env_data_array,60,7,60,54,7,54,109,109,3
R/env_data_array.R,env_data_array,62,7,62,45,7,45,111,111,3
R/env_data_array.R,env_data_array,65,3,65,16,3,16,114,114,6
R/expit_general.R,expit_general,15,3,15,30,3,30,167,167,7
R/expit_general.R,expit_general,16,3,16,36,3,36,168,168,6
R/expit_general.R,expit_general,17,3,17,36,3,36,169,169,5
R/expit_general.R,expit_general,18,3,18,61,3,61,170,170,5
R/expit_general.R,expit_general,19,3,19,25,3,25,171,171,5
R/expit_general.R,expit_general,20,3,20,26,3,26,172,172,5
R/expit_general.R,expit_general,21,3,21,5,3,5,173,173,5
R/expit.R,expit,14,3,14,30,3,30,147,147,1343
R/expit.R,expit,15,3,15,30,3,30,148,148,1342
R/expit.R,expit,16,3,16,19,3,19,149,149,1342
R/expit.R,expit,17,3,17,5,3,5,150,150,1342
R/get_range_df.R,get_range_df,12,3,12,83,3,83,187,187,4
R/get_range_df.R,get_range_df,13,3,13,61,3,61,188,188,4
R/get_range_df.R,get_range_df,15,3,15,22,3,22,190,190,4
R/get_range_df.R,get_range_df,18,3,22,3,3,3,193,197,4
R/get_range_df.R,get_range_df,24,3,24,20,3,20,199,199,4
R/get_range_df.R,get_range_df,26,3,26,17,3,17,201,201,4
R/get_range_df.R,get_range_df,27,3,27,28,3,28,202,202,4
R/get_range_df.R,get_range_df,28,3,28,38,3,38,203,203,4
R/get_range_df.R,get_range_df,29,3,29,42,3,42,204,204,4
R/get_range_df.R,get_range_df,30,3,30,46,3,46,205,205,4
R/get_range_df.R,get_range_df,31,3,31,26,3,26,206,206,4
R/get_range_df.R,get_range_df,33,3,33,50,3,50,208,208,4
R/get_range_df.R,get_range_df,34,3,34,48,3,48,209,209,4
R/get_range_df.R,get_range_df,35,3,35,52,3,52,210,210,4
R/get_range_df.R,get_range_df,36,3,36,52,3,52,211,211,4
R/get_range_df.R,get_range_df,37,3,37,35,3,35,212,212,4
R/get_range_df.R,get_range_df,38,3,38,39,3,39,213,213,4
R/get_range_df.R,get_range_df,41,7,41,22,7,22,41,41,4
R/get_range_df.R,get_range_df,42,5,42,41,5,41,217,217,8
R/get_range_df.R,get_range_df,45,5,45,79,5,79,220,220,8
R/get_range_df.R,get_range_df,48,5,48,44,5,44,223,223,8
R/get_range_df.R,get_range_df,51,5,51,54,5,54,226,226,8
R/get_range_df.R,get_range_df,53,5,53,62,5,62,228,228,8
R/get_range_df.R,get_range_df,55,5,55,54,5,54,230,230,8
R/get_range_df.R,get_range_df,57,5,57,62,5,62,232,232,8
R/get_range_df.R,get_range_df,61,3,61,26,3,26,236,236,4
R/get_range_df.R,get_range_df,62,3,62,24,3,24,237,237,4
R/get_range_df.R,get_range_df,63,3,63,25,3,25,238,238,4
R/get_range_df.R,get_range_df,66,3,66,39,3,39,241,241,4
R/get_range_df.R,get_range_df,76,3,76,45,3,45,251,251,4
R/get_range_df.R,get_range_df,77,3,77,31,3,31,252,252,4
R/get_range_df.R,get_range_df,78,3,78,40,3,40,253,253,4
R/get_range_df.R,get_range_df,79,3,79,40,3,40,254,254,4
R/get_range_df.R,get_range_df,80,3,80,78,3,78,255,255,4
R/get_range_df.R,get_range_df,81,3,81,65,3,65,256,256,4
R/get_range_df.R,get_range_df,82,3,85,6,3,6,257,260,4
R/get_range_df.R,get_range_df,87,3,87,8,3,8,262,262,4
R/get_start_parms.R,get_start_parms,15,3,15,70,3,70,279,279,6
R/get_start_parms.R,get_start_parms,16,3,16,37,3,37,280,280,5
R/get_start_parms.R,get_start_parms,17,3,17,86,3,86,281,281,5
R/get_start_parms.R,get_start_parms,20,3,20,22,3,22,284,284,4
R/get_start_parms.R,get_start_parms,21,3,21,34,3,34,285,285,4
R/get_start_parms.R,get_start_parms,22,3,22,23,3,23,286,286,4
R/get_start_parms.R,get_start_parms,23,3,23,35,3,35,287,287,4
R/get_start_parms.R,get_start_parms,24,3,24,22,3,22,288,288,4
R/get_start_parms.R,get_start_parms,25,3,25,34,3,34,289,289,4
R/get_start_parms.R,get_start_parms,27,3,31,3,3,3,291,295,4
R/get_start_parms.R,get_start_parms,32,3,32,51,3,51,296,296,4
R/get_start_parms.R,get_start_parms,33,3,33,36,3,36,297,297,4
R/like_neg_ltsgr_cpp.R,like_neg_ltsgr_cpp,64,3,64,83,3,83,363,363,1346
R/like_neg_ltsgr_cpp.R,like_neg_ltsgr_cpp,65,3,65,86,3,86,364,364,1346
R/like_neg_ltsgr_cpp.R,like_neg_ltsgr_cpp,66,3,66,83,3,83,365,365,1346
R/like_neg_ltsgr_cpp.R,like_neg_ltsgr_cpp,67,3,67,83,3,83,366,366,1346
R/like_neg_ltsgr_cpp.R,like_neg_ltsgr_cpp,68,3,68,94,3,94,367,367,1346
R/like_neg_ltsgr_cpp.R,like_neg_ltsgr_cpp,69,3,69,48,3,48,368,368,1346
R/like_neg_ltsgr_cpp.R,like_neg_ltsgr_cpp,72,3,72,56,3,56,371,371,1346
R/like_neg_ltsgr_cpp.R,like_neg_ltsgr_cpp,75,3,75,22,3,22,374,374,1346
R/like_neg_ltsgr_cpp.R,like_neg_ltsgr_cpp,76,3,76,30,3,30,375,375,1346
R/like_neg_ltsgr_cpp.R,like_neg_ltsgr_cpp,77,3,77,17,3,17,376,376,1346
R/like_neg_ltsgr_cpp.R,like_neg_ltsgr_cpp,80,3,80,64,3,64,379,379,1346
R/like_neg_ltsgr_cpp.R,like_neg_ltsgr_cpp,83,7,83,12,7,12,83,83,1346
R/like_neg_ltsgr_cpp.R,like_neg_ltsgr_cpp,84,5,84,36,5,36,383,383,1
R/like_neg_ltsgr_cpp.R,like_neg_ltsgr_cpp,85,5,85,36,5,36,384,384,1
R/like_neg_ltsgr_cpp.R,like_neg_ltsgr_cpp,87,5,87,28,5,28,386,386,1345
R/like_neg_ltsgr_cpp.R,like_neg_ltsgr_cpp,88,5,88,28,5,28,387,387,1345
R/like_neg_ltsgr_cpp.R,like_neg_ltsgr_cpp,90,3,90,28,3,28,389,389,1346
R/like_neg_ltsgr_cpp.R,like_neg_ltsgr_cpp,93,3,101,3,3,3,392,400,1346
R/like_neg_ltsgr_cpp.R,like_neg_ltsgr_cpp,104,3,104,80,3,80,403,403,1346
R/like_neg_ltsgr_cpp.R,like_neg_ltsgr_cpp,106,3,106,13,3,13,405,405,1346
R/log_prob_detect.R,log_prob_detect,33,3,33,58,3,58,571,571,1345
R/log_prob_detect.R,log_prob_detect,35,3,41,3,3,3,573,579,1345
R/log_prob_detect.R,log_prob_detect,44,3,44,39,3,39,582,582,1345
R/log_prob_detect.R,log_prob_detect,45,3,45,80,3,80,583,583,1345
R/log_prob_detect.R,log_prob_detect,47,3,47,40,3,40,585,585,1345
R/log1mexp.R,log1mexp,52,7,52,36,7,36,52,52,1351
R/log1mexp.R,log1mexp,53,5,53,10,5,10,460,460,2
R/log1mexp.R,log1mexp,54,5,54,22,5,22,461,461,2
R/log1mexp.R,log1mexp,56,7,56,16,7,16,56,56,1351
R/log1mexp.R,log1mexp,57,5,57,30,5,30,464,464,2
R/log1mexp.R,log1mexp,59,3,59,20,3,20,466,466,1351
R/log1mexp.R,log1mexp,60,3,60,8,3,8,467,467,1351
R/log1mexp.R,log1mexp,61,3,61,32,3,32,468,468,1351
R/log1mexp.R,log1mexp,62,3,62,34,3,34,469,469,1351
R/log1mexp.R,log1mexp,63,7,63,12,7,12,63,63,1351
R/log1mexp.R,log1mexp,64,5,64,14,5,14,471,471,2
R/log1mexp.R,log1mexp,65,5,65,5,5,5,472,472,2
R/log1mexp.R,log1mexp,67,5,67,5,5,5,474,474,1349
R/log1pexp.R,log1pexp,40,7,40,36,7,36,40,40,1354
R/log1pexp.R,log1pexp,41,5,41,10,5,10,518,518,1
R/log1pexp.R,log1pexp,42,5,42,22,5,22,519,519,1
R/log1pexp.R,log1pexp,44,3,44,13,3,13,521,521,1354
R/log1pexp.R,log1pexp,45,7,45,40,7,40,45,45,1354
R/log1pexp.R,log1pexp,46,5,46,23,5,23,523,523,1348
R/log1pexp.R,log1pexp,48,7,48,37,7,37,48,48,1354
R/log1pexp.R,log1pexp,49,5,49,27,5,27,526,526,78
R/log1pexp.R,log1pexp,51,7,51,20,7,20,51,51,1354
R/log1pexp.R,log1pexp,52,5,52,18,5,18,529,529,5
R/log1pexp.R,log1pexp,54,7,54,12,7,12,54,54,1354
R/log1pexp.R,log1pexp,55,5,55,14,5,14,532,532,1
R/log1pexp.R,log1pexp,56,5,56,5,5,5,533,533,1
R/log1pexp.R,log1pexp,58,5,58,5,5,5,535,535,1353
R/logit.R,logit,11,3,11,25,3,25,598,598,4
R/logit.R,logit,12,3,12,27,3,27,599,599,4
R/logit.R,logit,13,3,13,16,3,16,600,600,4
R/logit.R,logit,14,3,14,40,3,40,601,601,4
R/logit.R,logit,15,3,15,20,3,20,602,602,4
R/logit.R,logit,16,3,16,5,3,5,603,603,4
R/loglik_biol.R,loglik_biol,58,3,62,3,3,3,663,667,1347
R/loglik_biol.R,loglik_biol,69,3,69,45,3,45,674,674,1346
R/loglik_biol.R,loglik_biol,72,3,72,65,3,65,677,677,1345
R/loglik_biol.R,loglik_biol,76,3,76,67,3,67,681,681,1344
R/loglik_biol.R,loglik_biol,80,3,80,67,3,67,685,685,1343
R/loglik_biol.R,loglik_biol,86,3,86,63,3,63,691,691,1342
R/loglik_biol.R,loglik_biol,90,3,90,61,3,61,695,695,1341
R/loglik_biol.R,loglik_biol,94,3,96,3,3,3,699,701,1340
R/loglik_biol.R,loglik_biol,100,3,100,58,3,58,705,705,1339
R/loglik_biol.R,loglik_biol,103,3,112,3,3,3,708,717,1339
R/loglik_biol.R,loglik_biol,116,7,116,15,7,15,116,116,1339
R/loglik_biol.R,loglik_biol,117,5,117,58,5,58,722,722,1338
R/loglik_biol.R,loglik_biol,119,5,119,53,5,53,724,724,1
R/loglik_biol.R,loglik_biol,124,7,124,25,7,25,124,124,1339
R/loglik_biol.R,loglik_biol,125,5,125,19,5,19,730,730,1
R/loglik_biol.R,loglik_biol,129,3,129,80,3,80,734,734,1339
R/loglik_biol.R,loglik_biol,132,3,132,5,3,5,737,737,1339
R/loglik_math.R,loglik_math,43,3,43,58,3,58,782,782,1338
R/loglik_math.R,loglik_math,51,3,55,3,3,3,790,794,1338
R/loglik_math.R,loglik_math,61,3,61,45,3,45,800,800,1337
R/loglik_math.R,loglik_math,64,3,64,74,3,74,803,803,1336
R/loglik_math.R,loglik_math,67,7,67,18,7,18,67,67,1335
R/loglik_math.R,loglik_math,68,5,68,40,5,40,807,807,1332
R/loglik_math.R,loglik_math,72,7,72,30,7,30,72,72,1335
R/loglik_math.R,loglik_math,73,5,73,28,5,28,812,812,3
R/loglik_math.R,loglik_math,75,5,75,29,5,29,814,814,3
R/loglik_math.R,loglik_math,80,3,80,41,3,41,819,819,1335
R/loglik_math.R,loglik_math,83,3,83,77,3,77,822,822,1335
R/loglik_math.R,loglik_math,84,3,84,78,3,78,823,823,1335
R/loglik_math.R,loglik_math,85,3,85,78,3,78,824,824,1335
R/loglik_math.R,loglik_math,86,3,86,74,3,74,825,825,1335
R/loglik_math.R,loglik_math,87,3,87,74,3,74,826,826,1335
R/loglik_math.R,loglik_math,91,3,95,3,3,3,830,834,1335
R/loglik_math.R,loglik_math,92,5,94,5,5,5,831,833,1335
R/loglik_math.R,loglik_math,93,7,93,60,7,60,832,832,1335
R/loglik_math.R,loglik_math,98,3,98,26,3,26,837,837,1335
R/loglik_math.R,loglik_math,99,3,99,60,3,60,838,838,1335
R/loglik_math.R,loglik_math,101,3,101,80,3,80,840,840,1335
R/loglik_math.R,loglik_math,106,3,106,30,3,30,845,845,1335
R/make_canonical.R,make_canonical,16,3,16,26,3,26,864,864,1
R/make_canonical.R,make_canonical,17,3,17,24,3,24,865,865,1
R/make_canonical.R,make_canonical,18,3,18,24,3,24,866,866,1
R/make_canonical.R,make_canonical,22,7,22,31,7,31,22,22,1
R/make_canonical.R,make_canonical,23,5,23,20,5,20,871,871,3
R/make_canonical.R,make_canonical,24,5,24,36,5,36,872,872,3
R/make_canonical.R,make_canonical,25,9,25,25,9,25,25,25,3
R/make_canonical.R,make_canonical,26,7,26,23,7,23,874,874,1
R/make_canonical.R,make_canonical,27,7,27,19,7,19,875,875,1
R/make_canonical.R,make_canonical,29,7,29,26,7,26,877,877,1
R/make_canonical.R,make_canonical,30,7,30,19,7,19,878,878,1
R/make_canonical.R,make_canonical,36,3,36,49,3,49,884,884,1
R/make_canonical.R,make_canonical,37,3,37,24,3,24,885,885,1
R/make_canonical.R,make_canonical,38,3,38,20,3,20,886,886,1
R/make_canonical.R,make_canonical,39,3,39,20,3,20,887,887,1
R/make_canonical.R,make_canonical,42,3,42,26,3,26,890,890,1
R/make_canonical.R,make_canonical,43,3,43,24,3,24,891,891,1
R/make_canonical.R,make_canonical,44,3,44,24,3,24,892,892,1
R/make_canonical.R,make_canonical,45,3,45,11,3,11,893,893,1
R/math_to_bio.R,math_to_bio,13,3,13,75,3,75,908,908,1335
R/math_to_bio.R,math_to_bio,14,3,29,3,3,3,909,924,1335
R/math_to_bio.R,math_to_bio,30,3,30,12,3,12,925,925,1335
R/numparms.R,numparms,13,3,13,31,3,31,961,961,21
R/optim_mll.R,optim_mll,45,3,45,45,3,45,1014,1014,2
R/optim_mll.R,optim_mll,54,3,58,3,3,3,1023,1027,2
R/optim_mll.R,optim_mll,67,3,67,41,3,41,1036,1036,2
R/optim_mll.R,optim_mll,69,3,69,79,3,79,1038,1038,2
R/optim_mll.R,optim_mll,70,3,70,66,3,66,1039,1039,2
R/optim_mll.R,optim_mll,71,3,71,43,3,43,1040,1040,2
R/optim_mll.R,optim_mll,77,3,101,3,3,3,1046,1070,2
R/optim_mll.R,optim_mll,78,5,100,5,5,5,1047,1069,2
R/optim_mll.R,optim_mll,81,7,98,8,7,8,1050,1067,10
R/optim_mll.R,optim_mll,82,9,96,9,9,9,1051,1065,10
R/optim_mll.R,optim_mll,97,9,97,79,9,79,1066,1066,10
R/optim_mll.R,optim_mll,99,7,99,12,7,12,1068,1068,10
R/optim_mll.R,optim_mll,102,3,102,44,3,44,1071,1071,2
R/optim_mll.R,optim_mll,103,7,103,14,7,14,103,103,2
R/optim_mll.R,optim_mll,104,5,104,57,5,57,1073,1073,1
R/optim_mll.R,optim_mll,105,5,108,5,5,5,1074,1077,1
R/optim_mll.R,optim_mll,110,5,110,64,5,64,1079,1079,1
R/optim_mll.R,optim_mll,112,3,114,23,3,23,1081,1083,2
R/optim_mll.R,optim_mll,115,3,115,51,3,51,1084,1084,2
R/optim_mll.R,optim_mll,116,3,116,33,3,33,1085,1085,2
R/optim_mll.R,optim_mll,117,3,117,5,3,5,1086,1086,2
R/start_parms.R,start_parms,18,3,18,62,3,62,1139,1139,3
R/start_parms.R,start_parms,19,3,19,78,3,78,1140,1140,3
R/start_parms.R,start_parms,20,3,20,38,3,38,1141,1141,3
R/start_parms.R,start_parms,22,3,22,46,3,46,1143,1143,3
R/start_parms.R,start_parms,23,3,23,39,3,39,1144,1144,3
R/vsp.R,vsp,46,3,46,90,3,90,1192,1192,5
R/vsp.R,vsp,47,3,47,75,3,75,1193,1193,4
R/vsp.R,vsp,48,3,50,3,3,3,1194,1196,4
R/vsp.R,vsp,51,3,51,39,3,39,1197,1197,3
R/vsp.R,vsp,54,3,54,35,3,35,1200,1200,2
R/vsp.R,vsp,57,3,61,3,3,3,1203,1207,2
R/vsp.R,vsp,58,5,60,5,5,5,1204,1206,2
R/vsp.R,vsp,59,7,59,60,7,60,1205,1205,2
R/vsp.R,vsp,63,3,63,19,3,19,1209,1209,2
R/vsp.R,vsp,66,3,66,38,3,38,1212,1212,2
R/vsp.R,vsp,67,3,67,38,3,38,1213,1213,2
R/vsp.R,vsp,70,3,70,62,3,62,1216,1216,2
R/vsp.R,vsp,71,3,71,21,3,21,1217,1217,2
R/vsp.R,vsp,74,7,74,20,7,20,74,74,2
R/vsp.R,vsp,75,5,75,52,5,52,1221,1221,1
R/vsp.R,vsp,77,5,78,32,5,32,1223,1224,1
R/zzz.R,.onLoad,3,3,3,48,3,48,1236,1236,1
src/like_ltsg.cpp,NA,14,1,14,44,1,44,14,14,1346
src/like_ltsg.cpp,NA,21,1,21,79,1,79,21,21,1346
src/like_ltsg.cpp,NA,22,1,22,22,1,22,22,22,2692
src/like_ltsg.cpp,NA,24,1,24,55,1,55,24,24,16046
src/like_ltsg.cpp,NA,25,1,25,38,1,38,25,25,16046
src/like_ltsg.cpp,NA,26,1,26,38,1,38,26,26,16046
src/like_ltsg.cpp,NA,28,1,28,47,1,47,28,28,32092
src/like_ltsg.cpp,NA,29,1,29,27,1,27,29,29,16046
src/like_ltsg.cpp,NA,32,1,32,46,1,46,32,32,48126
src/like_ltsg.cpp,NA,33,1,33,33,1,33,33,33,32080
src/like_ltsg.cpp,NA,34,1,34,48,1,48,34,34,96228
src/like_ltsg.cpp,NA,35,1,35,64,1,64,35,35,64148
src/like_ltsg.cpp,NA,38,1,38,92,1,92,38,38,32080
src/like_ltsg.cpp,NA,39,1,39,31,1,31,39,39,32080
src/like_ltsg.cpp,NA,42,1,42,26,1,26,42,42,16046
src/like_ltsg.cpp,NA,45,1,45,3,1,3,45,45,16046
src/like_ltsg.cpp,NA,49,1,49,43,1,43,49,49,1346
src/like_ltsg.cpp,NA,56,1,56,39,1,39,56,56,1346
src/like_ltsg.cpp,NA,57,1,57,69,1,69,57,57,0
src/like_ltsg.cpp,NA,60,1,60,32,1,32,60,60,1346
src/like_ltsg.cpp,NA,61,1,61,35,1,35,61,61,1346
src/like_ltsg.cpp,NA,63,1,63,67,1,67,63,63,1346
src/like_ltsg.cpp,NA,64,1,64,37,1,37,64,64,1346
src/like_ltsg.cpp,NA,67,1,67,28,1,28,67,67,1346
src/like_ltsg.cpp,NA,68,1,68,31,1,31,68,68,6705
src/like_ltsg.cpp,NA,69,1,69,33,1,33,69,69,21405
src/like_ltsg.cpp,NA,70,1,70,26,1,26,70,70,16046
src/like_ltsg.cpp,NA,71,1,71,38,1,38,71,71,16046
src/like_ltsg.cpp,NA,76,1,76,26,1,26,76,76,1346
src/like_ltsg.cpp,NA,77,1,77,31,1,31,77,77,6705
src/like_ltsg.cpp,NA,78,1,78,21,1,21,78,78,5359
src/like_ltsg.cpp,NA,79,1,79,33,1,33,79,79,21405
src/like_ltsg.cpp,NA,80,1,80,25,1,25,80,80,16046
src/like_ltsg.cpp,NA,82,1,82,20,1,20,82,82,5359
src/like_ltsg.cpp,NA,85,1,85,16,1,16,85,85,2692
src/like_ltsg.cpp,NA,86,1,86,1,1,1,86,86,1346
